"","day","1","2","3","4","5","6","7","8","9","10","11","12","13","14","15","16","17","18","19","20","median"
"1",1,0,0,0,0,0,0,0,0,0,0,0,0,0,0,0,0,0,0,0,0,0
"2",2,0,0,0,0,0,0,0,0,0,0,0,0,0,0,0,0,0,0,0,0,0
"3",3,0,0,0,0,0,0,0,0,0,0,0,0,0,0,0,0,0,0,0,0,0
"4",4,0,0,0,0,0,0,0,0,0,0,0,0,0,0,0,0,0,0,0,0,0
"5",5,1,0,0,0,0,0,0,0,0,0,0,0,0,0,0,0,0,0,0,0,0
"6",6,1,0,0,0,0,0,0,0,0,0,0,0,0,0,0,0,0,0,0,0,0
"7",7,1,0,0,0,0,0,0,0,0,0,0,0,0,0,0,0,0,0,0,0,0
"8",8,1,0,0,0,0,0,0,0,0,1,0,0,0,0,0,0,0,0,0,0,0
"9",9,1,0,0,1,1,0,0,0,0,1,0,0,0,0,0,0,0,0,0,0,0
"10",10,1,0,0,1,1,0,0,0,0,1,0,0,0,0,0,0,0,0,0,0,0
"11",11,1,0,0,1,0,0,0,0,0,1,0,0,0,0,0,1,0,0,0,0,0
"12",12,1,0,0,1,0,0,0,0,0,1,0,0,0,0,0,1,0,0,0,0,0
"13",13,1,0,0,1,1,0,0,0,0,1,0,0,0,0,0,2,0,0,0,0,0
"14",14,1,0,0,1,1,1,0,0,0,1,1,0,1,0,0,2,0,0,1,0,0
"15",15,1,0,0,1,1,1,0,0,1,1,1,0,1,0,0,2,0,0,1,1,1
"16",16,1,0,0,1,1,1,0,0,0,1,1,0,2,0,0,2,0,0,1,1,0.5
"17",17,1,0,0,1,1,1,0,0,0,1,1,0,2,0,0,3,0,1,0,1,0.5
"18",18,1,0,0,1,1,1,0,0,0,1,1,0,2,0,0,3,0,1,0,1,0.5
"19",19,2,0,1,1,1,1,0,0,0,1,1,0,2,0,0,3,0,1,0,2,1
"20",20,2,0,1,1,1,1,0,0,0,1,1,0,3,1,0,3,0,1,0,2,1
"21",21,2,0,1,1,1,1,0,0,1,1,1,0,4,1,0,4,0,2,0,2,1
"22",22,2,0,1,1,1,1,0,0,1,2,1,1,4,1,1,4,0,1,0,2,1
"23",23,2,1,0,1,1,1,1,0,1,2,1,0,3,1,1,4,1,1,0,2,1
"24",24,1,1,0,2,1,0,1,0,2,2,1,0,3,1,1,3,1,1,0,3,1
"25",25,0,1,0,2,1,0,2,0,1,2,1,0,4,1,1,2,0,1,1,3,1
"26",26,1,3,0,2,1,0,2,0,2,3,1,0,4,1,1,2,1,1,1,0,1
"27",27,1,3,0,2,1,1,2,1,3,3,1,0,4,1,1,2,1,3,1,0,1
"28",28,1,4,0,3,1,0,2,1,4,3,1,1,4,1,1,4,1,5,0,0,1
"29",29,1,5,0,3,1,0,2,1,6,5,2,1,4,1,1,5,1,5,0,0,1
"30",30,1,5,1,3,1,0,2,2,6,5,3,1,4,1,1,5,1,5,0,3,2
"31",31,1,4,2,3,1,0,2,2,6,6,3,2,6,4,2,5,1,5,0,5,2.5
"32",32,2,3,3,4,1,1,1,2,6,7,3,2,7,4,3,5,0,5,1,6,3
"33",33,3,3,4,5,1,3,1,3,6,7,3,1,6,5,3,5,1,7,2,7,3
"34",34,4,3,5,4,2,3,1,5,6,7,4,2,7,4,5,6,2,9,2,7,4
"35",35,5,2,7,5,3,4,1,6,5,6,4,2,10,3,6,7,3,9,2,6,5
"36",36,6,3,8,6,5,3,1,6,5,9,4,3,13,3,5,8,3,11,3,9,5
"37",37,7,6,10,11,5,5,2,5,7,10,4,3,14,3,5,11,4,14,5,10,5.5
"38",38,7,10,10,12,7,5,4,8,11,12,8,5,15,3,5,15,4,13,7,12,8
"39",39,9,10,11,14,9,7,5,9,11,11,10,9,16,5,4,17,8,15,7,12,9.5
"40",40,9,13,12,13,7,7,6,9,12,10,12,8,20,5,4,18,8,15,7,16,9.5
"41",41,10,13,17,14,9,7,11,11,11,10,14,12,26,7,4,22,12,19,8,18,11.5
"42",42,12,13,19,12,7,9,11,15,12,13,19,12,27,7,6,24,18,23,12,19,12.5
"43",43,11,14,22,10,7,13,16,17,13,14,21,13,29,8,6,28,19,26,17,23,15
"44",44,14,17,30,10,10,16,18,21,17,13,27,17,35,8,6,34,20,31,16,27,17
"45",45,15,18,36,12,14,17,19,24,17,16,32,21,43,10,10,38,21,29,15,30,18.5
"46",46,19,18,41,17,15,18,20,31,19,18,34,21,45,14,11,42,20,31,21,31,20
"47",47,22,25,45,19,16,20,22,34,22,21,42,21,53,18,13,47,24,37,27,36,23
"48",48,23,33,52,25,17,20,23,41,29,22,51,25,62,23,13,57,27,39,30,41,28
"49",49,30,38,59,28,18,22,28,45,40,29,57,28,70,28,17,65,29,50,40,44,34
"50",50,34,52,62,30,18,29,30,51,41,33,68,33,85,32,18,66,24,58,47,45,37.5
"51",51,37,55,66,31,19,32,32,58,49,38,78,38,85,35,19,74,29,67,54,52,43.5
"52",52,43,61,73,35,29,38,32,70,64,45,88,40,95,36,25,91,31,76,58,64,51.5
"53",53,44,69,82,39,41,41,35,71,71,48,100,43,98,44,27,103,41,90,61,71,54.5
"54",54,50,78,95,44,50,44,47,79,87,58,116,46,108,47,29,115,48,109,72,80,65
"55",55,58,87,105,50,54,49,60,93,101,62,131,63,128,58,35,127,58,121,84,89,73.5
"56",56,61,99,114,59,60,54,66,93,114,71,151,70,139,65,37,141,72,144,90,100,81
"57",57,71,111,130,65,83,64,64,107,136,86,189,79,165,77,37,154,81,169,96,123,91
"58",58,82,124,158,77,91,70,74,133,152,90,204,92,200,82,47,173,89,184,104,141,98
"59",59,103,141,176,90,108,81,78,143,177,101,235,107,214,95,51,213,104,217,124,155,116
"60",60,117,156,190,98,121,91,92,163,201,116,273,124,244,102,55,237,125,255,139,184,132
"61",61,143,176,222,111,142,106,108,186,231,146,306,146,292,111,59,270,141,273,167,208,156.5
"62",62,177,218,261,123,164,126,125,219,261,162,350,176,342,130,68,324,166,304,184,233,180.5
"63",63,199,248,284,143,186,139,143,246,296,192,393,205,390,147,77,369,190,344,197,274,202
"64",64,218,287,318,158,219,153,165,284,337,213,451,224,453,168,83,429,209,390,225,296,224.5
"65",65,239,310,376,174,249,169,193,310,402,232,517,261,498,197,100,489,234,453,247,343,255
"66",66,266,342,424,204,279,200,226,364,444,262,596,291,563,227,115,558,262,517,273,399,285
"67",67,312,400,475,230,332,234,255,421,511,305,712,325,615,257,128,618,294,592,308,462,328.5
"68",68,358,457,554,261,376,266,282,470,617,347,831,373,692,300,152,707,340,672,351,545,374.5
"69",69,417,544,618,272,436,293,322,530,666,381,953,441,800,323,174,802,372,757,382,602,438.5
"70",70,480,598,696,311,496,348,378,614,763,424,1058,508,902,372,194,904,412,873,444,677,502
"71",71,530,674,777,357,579,380,429,712,868,480,1197,570,1024,434,222,1019,463,1011,507,765,574.5
"72",72,610,777,847,388,658,413,490,770,988,543,1347,606,1156,490,270,1156,525,1159,593,866,634
"73",73,717,868,942,436,763,475,525,868,1127,620,1550,680,1356,552,308,1290,615,1280,682,964,740
"74",74,807,948,1070,505,838,528,593,987,1275,677,1782,787,1525,594,356,1484,711,1446,793,1088,822.5
"75",75,936,1106,1226,564,977,606,684,1126,1433,750,1988,884,1699,672,393,1696,811,1652,909,1211,956.5
"76",76,1031,1279,1408,680,1098,708,772,1281,1599,871,2252,1013,1901,746,455,1883,931,1912,1037,1371,1067.5
"77",77,1185,1446,1584,755,1246,838,869,1448,1759,1012,2517,1176,2182,849,539,2118,1079,2143,1199,1580,1222.5
"78",78,1352,1636,1779,873,1416,979,981,1631,2008,1143,2842,1320,2513,953,596,2342,1217,2386,1390,1796,1403
"79",79,1529,1869,2042,988,1622,1089,1108,1837,2272,1306,3139,1489,2813,1087,667,2639,1391,2734,1548,2042,1585
"80",80,1696,2101,2293,1115,1821,1225,1264,2048,2537,1458,3562,1680,3124,1240,761,2944,1576,3068,1764,2280,1792.5
"81",81,1905,2359,2586,1219,2046,1380,1434,2298,2846,1642,4002,1871,3513,1388,882,3247,1809,3423,1973,2562,2009.5
"82",82,2146,2658,2916,1368,2301,1563,1624,2577,3164,1843,4415,2110,3961,1591,1018,3626,2024,3818,2185,2858,2243
"83",83,2405,3026,3236,1541,2586,1784,1830,2856,3562,2125,4922,2374,4425,1784,1172,4027,2296,4258,2467,3186,2526.5
"84",84,2718,3353,3653,1775,2949,2013,2046,3176,3973,2398,5380,2713,4918,2024,1304,4486,2557,4726,2780,3589,2864.5
"85",85,3078,3749,4054,2039,3279,2275,2290,3575,4403,2741,5915,3023,5543,2272,1488,4947,2840,5225,3137,4069,3208
"86",86,3422,4216,4551,2342,3594,2556,2598,3991,4940,3099,6460,3385,6017,2561,1716,5501,3189,5751,3526,4452,3560
"87",87,3819,4706,5070,2617,4023,2873,2922,4475,5495,3456,7096,3760,6639,2923,1896,6143,3498,6307,3913,4992,3968
"88",88,4176,5269,5564,2916,4457,3181,3308,4914,6120,3859,7794,4147,7249,3266,2140,6756,3913,6959,4414,5537,4435.5
"89",89,4627,5805,6121,3257,4938,3591,3666,5473,6728,4257,8472,4622,7949,3640,2458,7337,4378,7579,4916,6107,4927
"90",90,5166,6383,6750,3616,5483,3962,4052,6101,7360,4716,9141,5183,8588,4096,2754,8083,4871,8289,5437,6724,5460
"91",91,5659,6967,7424,3999,6014,4381,4511,6688,8037,5239,9798,5736,9250,4581,3109,8810,5418,8918,5978,7382,5996
"92",92,6264,7605,8128,4455,6631,4867,4984,7304,8691,5721,10471,6304,9981,5072,3435,9476,5946,9557,6584,8076,6607.5
"93",93,6917,8312,8833,4966,7212,5370,5534,7891,9440,6280,11124,6928,10744,5582,3831,10197,6484,10277,7181,8720,7196.5
"94",94,7626,9002,9508,5487,7852,5932,6128,8534,10100,6952,11842,7652,11414,6167,4277,10941,7072,11059,7840,9340,7846
"95",95,8225,9781,10280,6057,8616,6563,6698,9181,10873,7613,12566,8340,12032,6757,4806,11670,7722,11768,8519,9944,8567.5
"96",96,8976,10480,10915,6553,9282,7254,7375,9885,11544,8298,13197,9095,12635,7446,5348,12402,8328,12556,9201,10713,9241.5
"97",97,9667,11243,11636,7187,9984,7846,8035,10598,12311,8930,13736,9749,13329,8089,5872,13167,9018,13240,9907,11428,9945.5
"98",98,10311,11895,12347,7815,10734,8533,8665,11335,12920,9617,14327,10452,13922,8720,6470,13774,9707,13992,10561,12079,10647.5
"99",99,11084,12587,13001,8537,11455,9127,9324,12066,13558,10320,14879,11197,14444,9410,7063,14335,10439,14642,11209,12743,11332
"100",100,11823,13202,13628,9219,12146,9855,10019,12756,14208,10996,15387,11933,14963,10132,7756,14803,11152,15183,12018,13366,12082
"101",101,12527,13854,14209,9947,12896,10573,10776,13398,14738,11770,15832,12573,15392,10842,8465,15308,11817,15627,12765,14078,12830.5
"102",102,13222,14420,14773,10691,13547,11315,11463,13962,15202,12526,16213,13276,15765,11512,9121,15743,12580,16011,13358,14632,13452.5
"103",103,13834,14994,15326,11377,14125,12033,12251,14540,15757,13199,16552,13885,16203,12222,9807,16192,13329,16380,13965,15147,14045
"104",104,14451,15562,15780,12049,14672,12731,12916,15071,16136,13879,16769,14508,16463,12982,10556,16587,13997,16712,14525,15630,14598.5
"105",105,14937,15933,16119,12724,15198,13335,13568,15520,16498,14442,16965,15073,16675,13664,11316,16910,14677,16920,15068,16062,15135.5
"106",106,15462,16322,16532,13435,15663,13895,14197,15834,16723,15004,17106,15539,16771,14300,12104,17186,15188,17095,15544,16392,15603.5
"107",107,15817,16632,16734,13995,16164,14505,14755,16216,16945,15587,17175,15951,16878,14850,12864,17341,15755,17128,15995,16569,16079.5
"108",108,16234,16942,16876,14604,16454,15048,15300,16531,17069,16006,17022,16275,16946,15344,13503,17333,16135,17094,16327,16904,16390.5
"109",109,16628,17158,17059,15130,16692,15485,15776,16727,17134,16309,16888,16607,16931,15671,14144,17416,16454,17130,16573,17062,16660
"110",110,16931,17243,17153,15578,16948,15918,16107,16859,17145,16523,16737,16871,16815,16015,14710,17302,16677,17106,16900,17101,16865
"111",111,17044,17246,17145,15909,17057,16291,16366,16948,17044,16732,16546,17083,16661,16218,15206,17182,16922,16918,17056,17077,16935
"112",112,17167,17167,17028,16283,17133,16555,16689,16995,16962,16925,16259,17157,16437,16523,15717,16978,17064,16663,17125,17015,16970
"113",113,17263,17120,16856,16559,17136,16731,16876,17009,16869,17079,15983,17212,16269,16748,16132,16651,17148,16420,17133,16805,16862.5
"114",114,17272,16986,16683,16814,17132,16905,16992,16955,16626,17098,15694,17186,15913,16901,16459,16357,17262,16075,17061,16580,16903
"115",115,17192,16760,16457,16904,17032,16912,17060,16774,16386,17124,15392,17079,15548,17013,16720,16038,17252,15781,16970,16427,16839
"116",116,17047,16460,16131,16997,16878,17014,17127,16615,16019,17089,14996,16941,15205,17011,16953,15665,17091,15447,16786,16184,16832
"117",117,16921,16232,15747,17087,16655,16972,17154,16355,15610,16939,14593,16752,14812,16902,17162,15232,16854,15103,16620,15895,16637.5
"118",118,16699,15914,15363,17144,16384,16874,17071,16061,15297,16724,14146,16491,14399,16875,17321,14807,16623,14724,16339,15543,16361.5
"119",119,16435,15591,15021,16963,16168,16756,16971,15727,14937,16511,13730,16215,13945,16665,17344,14359,16435,14240,16116,15163,16142
"120",120,16140,15206,14663,16780,15871,16535,16782,15316,14494,16317,13276,15901,13503,16438,17335,13956,16109,13778,15830,14855,15850.5
"121",121,15756,14786,14228,16653,15414,16208,16474,14880,14088,15942,12848,15447,12999,16190,17155,13455,15777,13284,15427,14488,15420.5
"122",122,15339,14442,13785,16333,15066,15958,16111,14468,13628,15519,12390,15042,12563,15853,16901,12986,15484,12817,15094,14049,15054
"123",123,14917,14060,13333,16043,14701,15669,15799,14016,13147,15221,11967,14650,12091,15451,16648,12525,15108,12386,14671,13556,14660.5
"124",124,14541,13544,12899,15724,14241,15357,15424,13576,12713,14790,11516,14206,11599,15073,16415,12070,14744,11923,14275,13047,14223.5
"125",125,14034,13084,12421,15392,13800,14981,15063,13121,12216,14346,11054,13734,11115,14625,16103,11591,14285,11468,13822,12594,13767
"126",126,13462,12666,11915,15057,13337,14517,14663,12632,11744,13836,10542,13317,10631,14187,15747,11084,13870,10966,13355,12077,13327
"127",127,13044,12113,11402,14651,12864,14131,14243,12136,11248,13433,10105,12895,10146,13749,15392,10628,13414,10504,12881,11620,12872.5
"128",128,12623,11623,10917,14157,12433,13729,13808,11682,10794,12976,9655,12457,9773,13280,15025,10155,12884,10015,12477,11172,12445
"129",129,12094,11145,10491,13705,11928,13281,13402,11218,10301,12499,9204,12014,9344,12853,14591,9664,12419,9548,12024,10714,11971
"130",130,11677,10675,10072,13278,11450,12743,12900,10755,9775,12044,8773,11536,8893,12378,14114,9215,11895,9099,11570,10277,11493
"131",131,11178,10241,9630,12793,10967,12299,12438,10308,9305,11616,8388,11071,8462,11917,13709,8781,11368,8668,11127,9789,11019
"132",132,10718,9820,9160,12332,10562,11792,11977,9841,8906,11148,7988,10578,8078,11472,13289,8382,10889,8256,10613,9354,10570
"133",133,10262,9364,8717,11797,10032,11338,11513,9395,8516,10662,7576,10111,7659,10986,12869,7967,10453,7828,10111,8902,10071.5
"134",134,9795,8912,8254,11314,9617,10837,11047,8950,8081,10245,7221,9649,7311,10553,12335,7589,10012,7429,9664,8456,9633
"135",135,9368,8476,7859,10843,9138,10358,10603,8544,7715,9787,6858,9153,6964,10090,11894,7251,9580,7110,9173,8047,9145.5
"136",136,8921,8036,7485,10353,8738,9902,10122,8111,7320,9336,6504,8672,6578,9653,11483,6924,9115,6745,8754,7642,8705
"137",137,8493,7625,7105,9915,8281,9439,9640,7681,6973,8887,6180,8297,6252,9150,11041,6587,8664,6400,8341,7257,8289
"138",138,8043,7234,6716,9515,7862,9033,9176,7304,6610,8486,5840,7910,5913,8715,10595,6253,8213,6076,7988,6867,7886
"139",139,7669,6853,6373,9034,7448,8622,8749,6936,6280,8069,5572,7528,5603,8346,10155,5928,7818,5735,7567,6510,7488
"140",140,7266,6507,6016,8674,7041,8223,8341,6573,5964,7675,5264,7160,5279,7951,9731,5565,7419,5432,7185,6185,7100.5
"141",141,6925,6155,5683,8262,6687,7850,7952,6183,5664,7322,4986,6820,4969,7585,9246,5321,7015,5121,6801,5856,6744
"142",142,6540,5855,5418,7827,6346,7458,7526,5840,5359,6914,4719,6503,4670,7206,8838,4998,6662,4885,6484,5509,6415
"143",143,6186,5535,5112,7392,6031,7049,7162,5546,5044,6562,4450,6140,4410,6835,8470,4724,6297,4606,6145,5220,6085.5
"144",144,5861,5195,4845,7019,5724,6690,6777,5232,4742,6239,4197,5796,4162,6496,8094,4446,5980,4338,5813,4923,5760
"145",145,5553,4905,4552,6676,5408,6374,6378,4924,4484,5898,3956,5467,3951,6147,7697,4181,5642,4094,5506,4643,5437.5
"146",146,5264,4624,4296,6323,5117,6028,6064,4671,4239,5580,3718,5160,3743,5828,7323,3944,5329,3871,5196,4394,5138.5
"147",147,4976,4355,4067,5991,4846,5681,5738,4414,3993,5249,3499,4866,3495,5488,6928,3722,5063,3653,4934,4154,4856
"148",148,4692,4097,3860,5687,4591,5378,5455,4161,3758,4985,3289,4566,3265,5235,6603,3507,4781,3452,4680,3896,4578.5
"149",149,4415,3863,3656,5389,4360,5104,5171,3907,3532,4695,3089,4279,3087,4961,6247,3313,4537,3237,4426,3694,4319.5
"150",150,4172,3654,3449,5103,4089,4814,4870,3706,3346,4438,2918,4058,2899,4695,5918,3124,4280,3036,4188,3482,4073.5
"151",151,3902,3444,3254,4780,3825,4561,4599,3493,3155,4130,2727,3838,2713,4462,5568,2941,4042,2866,3945,3290,3831.5
"152",152,3690,3248,3059,4517,3597,4320,4336,3295,2952,3903,2554,3628,2552,4219,5254,2768,3821,2704,3724,3112,3612.5
"153",153,3486,3028,2869,4240,3405,4090,4074,3079,2768,3681,2389,3411,2385,4010,4953,2613,3615,2541,3503,2903,3408
"154",154,3268,2841,2710,4002,3227,3848,3861,2907,2619,3457,2252,3191,2235,3796,4674,2460,3414,2403,3321,2723,3209
"155",155,3071,2683,2538,3773,3047,3643,3622,2726,2450,3246,2136,3011,2110,3580,4423,2329,3203,2245,3142,2548,3029
"156",156,2908,2530,2394,3534,2880,3431,3426,2545,2301,3103,2006,2845,1979,3351,4178,2195,2980,2119,2960,2392,2862.5
"157",157,2756,2374,2230,3338,2710,3216,3205,2414,2175,2931,1877,2674,1853,3180,3945,2054,2808,1994,2781,2240,2692
"158",158,2577,2240,2091,3124,2554,3022,3027,2251,2037,2775,1769,2513,1742,2961,3716,1927,2642,1881,2615,2093,2533.5
"159",159,2410,2115,1970,2931,2396,2836,2859,2127,1940,2601,1655,2355,1645,2794,3505,1818,2498,1761,2457,1960,2375.5
"160",160,2252,2006,1851,2749,2242,2691,2666,2005,1817,2452,1554,2218,1543,2661,3316,1682,2349,1635,2304,1850,2230
"161",161,2114,1884,1725,2578,2102,2512,2524,1879,1691,2316,1457,2095,1437,2506,3134,1580,2224,1537,2168,1738,2098.5
"162",162,1990,1774,1631,2422,1974,2367,2367,1767,1586,2182,1368,1967,1335,2345,2945,1483,2106,1442,2051,1644,1970.5
"163",163,1860,1688,1545,2291,1864,2223,2227,1671,1488,2056,1276,1834,1256,2211,2779,1385,1975,1360,1901,1555,1847
"164",164,1744,1570,1464,2149,1753,2090,2090,1564,1407,1921,1201,1714,1176,2075,2591,1307,1855,1274,1814,1442,1729
"165",165,1625,1476,1352,2011,1648,1939,1968,1466,1305,1803,1119,1588,1107,1941,2422,1241,1725,1188,1703,1346,1606.5
"166",166,1528,1369,1280,1876,1536,1816,1849,1374,1212,1701,1036,1479,1047,1810,2284,1181,1620,1123,1597,1244,1503.5
"167",167,1423,1270,1198,1769,1454,1724,1716,1279,1153,1592,967,1381,982,1703,2134,1121,1521,1060,1495,1175,1402
"168",168,1327,1188,1123,1659,1356,1610,1601,1209,1077,1493,922,1307,917,1600,2007,1050,1439,983,1418,1092,1317
"169",169,1235,1121,1037,1562,1287,1510,1497,1132,1011,1392,859,1222,864,1504,1877,982,1348,915,1347,1018,1228.5
"170",170,1134,1042,972,1474,1208,1397,1420,1060,953,1297,811,1155,810,1408,1760,917,1253,859,1265,942,1144.5
"171",171,1074,966,913,1374,1118,1302,1330,985,889,1210,750,1084,767,1341,1645,859,1174,799,1191,871,1079
"172",172,1000,900,870,1285,1047,1224,1257,917,820,1128,699,1003,723,1243,1543,805,1110,757,1111,818,1001.5
"173",173,948,858,810,1209,977,1149,1188,857,780,1057,668,954,683,1172,1457,764,1030,713,1042,768,951
"174",174,877,789,767,1141,920,1068,1131,795,739,994,639,903,637,1103,1377,716,972,675,979,723,890
"175",175,830,737,730,1061,863,1002,1067,752,694,923,602,839,598,1042,1291,668,905,633,912,678,834.5
"176",176,772,692,688,996,808,926,1009,701,651,870,563,796,562,979,1219,623,848,597,855,637,784
"177",177,725,650,648,937,748,874,941,661,601,821,534,745,522,913,1133,584,803,563,804,595,735
"178",178,693,604,608,889,704,822,879,627,579,763,502,701,484,874,1064,551,749,537,765,553,697
"179",179,648,567,561,830,653,775,830,587,550,719,475,650,442,820,1007,509,702,499,717,520,649
"180",180,605,552,521,791,620,726,782,555,508,684,441,609,415,769,940,469,663,457,665,487,607
"181",181,569,509,487,749,571,688,738,512,480,657,409,563,386,719,884,443,620,428,617,452,566
"182",182,529,487,454,702,536,640,693,477,452,613,383,524,352,667,826,412,586,398,577,421,526.5
"183",183,503,456,428,660,490,593,655,443,418,566,353,486,334,622,779,384,538,372,545,391,488
"184",184,468,428,401,616,446,559,619,415,387,525,333,453,306,586,738,350,505,353,513,356,449.5
"185",185,444,399,368,578,409,524,584,392,365,487,314,418,290,534,682,333,471,330,485,340,413.5
"186",186,406,368,342,543,387,499,544,361,338,452,303,394,267,499,640,321,442,305,450,323,390.5
"187",187,390,335,321,502,366,466,509,329,314,430,276,363,256,471,603,305,411,286,415,305,364.5
"188",188,373,311,297,475,343,429,466,312,290,412,257,339,247,447,556,281,385,264,390,283,341
"189",189,356,291,273,441,320,394,445,288,270,382,239,319,228,415,527,264,358,242,367,266,319.5
"190",190,331,270,251,408,298,366,420,270,253,357,225,292,213,396,489,247,330,227,346,245,295
"191",191,308,252,229,387,284,341,391,253,234,330,205,271,192,375,461,228,308,215,323,227,277.5
"192",192,283,233,210,368,260,318,364,237,217,313,194,259,181,343,427,212,288,207,303,217,259.5
"193",193,264,219,192,340,246,297,340,226,201,290,182,235,168,319,409,200,272,190,281,209,240.5
"194",194,249,201,187,318,232,282,321,211,189,276,165,224,160,299,380,180,250,179,266,196,228
"195",195,234,184,176,293,217,271,301,195,173,260,148,211,149,275,354,169,228,164,251,178,214
"196",196,219,166,165,275,212,251,290,178,159,244,137,201,140,255,336,154,204,160,237,168,202.5
"197",197,199,154,155,255,197,231,270,166,145,236,132,181,133,239,314,146,196,150,229,155,188.5
"198",198,188,145,142,236,180,216,254,148,138,218,117,173,127,223,288,142,183,142,205,145,176.5
"199",199,177,135,131,220,165,199,232,144,128,204,110,160,119,209,274,130,176,134,193,137,162.5
"200",200,169,129,126,206,159,187,215,140,114,188,107,148,112,198,257,123,170,124,184,130,153.5
"201",201,158,119,119,194,144,173,198,130,111,173,100,137,106,187,235,117,158,118,172,119,140.5
"202",202,145,113,112,187,133,163,184,117,105,162,96,126,98,171,215,112,148,109,166,112,129.5
"203",203,140,101,102,174,125,157,175,107,99,149,89,118,97,167,201,109,142,100,155,102,121.5
"204",204,130,100,93,160,116,147,162,104,96,137,85,112,93,158,196,102,133,92,142,97,114
"205",205,118,93,86,150,104,141,152,96,90,126,83,104,86,149,184,97,119,82,132,89,104
"206",206,103,86,81,138,97,135,139,88,86,120,75,96,80,141,168,89,112,79,123,85,96.5
"207",207,95,82,69,128,90,128,132,76,76,114,71,88,76,126,157,86,97,72,116,73,89
"208",208,90,75,63,117,89,122,125,73,71,108,67,83,74,123,146,82,90,67,110,66,86
"209",209,85,71,57,112,79,114,119,68,67,97,64,80,68,117,137,79,84,62,103,63,79.5
"210",210,81,66,53,97,69,109,111,64,64,90,61,74,65,107,134,74,79,58,90,61,74
"211",211,78,63,50,89,65,102,103,60,60,81,58,68,64,102,130,66,75,56,82,57,67
"212",212,74,58,47,81,57,94,97,54,58,75,56,65,56,100,121,62,71,53,79,52,63.5
"213",213,70,55,44,76,55,87,91,47,51,69,53,55,53,96,117,55,71,47,71,49,55
"214",214,67,54,42,68,51,81,88,42,46,62,49,53,49,92,107,51,67,46,64,44,53.5
"215",215,62,53,41,63,46,77,85,38,44,57,44,49,43,83,102,49,62,45,57,44,51
"216",216,56,48,38,59,43,73,81,37,41,51,44,44,37,80,93,48,58,43,54,39,48
"217",217,55,46,34,55,40,70,73,35,38,45,41,42,33,75,86,47,56,40,52,32,45.5
"218",218,48,41,33,50,37,66,66,35,35,40,40,40,31,69,76,45,54,36,49,31,40.5
"219",219,46,40,32,48,37,59,59,34,33,38,39,35,30,59,76,42,52,35,46,30,39.5
"220",220,41,37,31,44,37,52,58,32,33,36,37,32,28,56,73,40,47,34,42,29,37
"221",221,40,35,30,41,35,47,54,29,30,35,36,30,25,53,69,37,44,33,42,28,35.5
"222",222,38,34,27,40,32,45,49,27,30,33,34,30,23,49,65,36,43,30,38,28,34
"223",223,35,32,26,38,31,42,45,24,31,28,29,28,23,46,60,36,40,25,33,26,31.5
"224",224,31,30,25,36,30,39,44,21,31,25,27,26,22,45,56,34,37,24,33,24,30.5
"225",225,29,27,22,31,30,37,41,19,30,22,24,24,21,44,52,32,32,23,30,22,29.5
"226",226,27,27,22,32,25,34,39,15,28,21,21,23,20,41,49,30,29,23,29,19,27
"227",227,25,25,21,30,25,33,35,13,24,18,21,20,20,39,47,28,28,21,27,19,25
"228",228,21,25,19,29,24,31,32,12,24,18,19,19,17,38,44,28,26,20,23,15,23.5
"229",229,21,21,17,27,23,26,31,12,20,17,19,16,15,32,41,24,22,17,21,14,21
"230",230,21,20,15,26,21,23,28,10,18,13,17,15,13,30,39,22,20,16,18,12,19
"231",231,17,20,14,23,18,23,27,9,18,13,16,13,12,28,35,20,19,15,17,11,17.5
"232",232,17,20,13,22,17,20,25,8,16,12,15,11,12,28,33,19,18,15,15,11,16.5
"233",233,16,19,13,21,16,20,24,7,13,12,13,10,11,28,29,19,18,12,15,9,15.5
"234",234,16,18,12,19,16,19,24,7,12,11,12,9,9,23,29,17,16,12,15,9,15.5
"235",235,16,17,11,17,14,14,23,7,11,11,10,7,9,20,28,17,16,12,13,9,13.5
"236",236,15,16,10,15,14,13,21,7,10,10,10,7,8,20,26,16,16,12,13,9,13
"237",237,14,15,9,14,11,12,20,7,9,8,9,6,7,20,24,14,15,11,13,9,11.5
"238",238,12,14,9,13,11,12,19,7,9,7,8,6,7,19,22,14,13,9,11,9,11
"239",239,11,12,9,13,10,11,19,6,9,7,8,6,7,18,22,13,12,8,11,9,10.5
"240",240,10,11,9,12,9,11,18,6,8,7,8,6,6,17,19,13,11,7,11,6,9.5
"241",241,8,10,9,10,7,10,17,5,8,7,7,6,6,16,19,10,10,7,11,4,8.5
"242",242,7,10,9,9,7,9,17,4,8,6,6,5,5,15,18,9,10,7,10,4,8.5
"243",243,7,9,9,9,7,9,17,4,8,6,5,5,5,14,17,8,10,5,8,4,8
"244",244,6,9,9,9,6,8,17,3,8,5,5,4,5,14,15,8,9,5,8,4,8
"245",245,5,9,8,9,6,8,17,3,7,5,5,4,5,14,15,8,9,5,8,4,7.5
"246",246,4,9,8,8,6,7,16,3,7,4,4,4,5,12,13,7,9,5,8,4,7
"247",247,3,9,8,8,6,7,14,2,6,4,4,2,5,11,13,7,8,4,8,4,6.5
"248",248,2,9,6,7,5,6,13,2,6,4,2,2,4,11,11,7,8,2,8,4,6
"249",249,1,8,6,7,4,6,11,2,5,4,2,2,4,10,11,7,8,1,8,4,5.5
"250",250,1,7,6,6,3,4,10,1,4,4,2,2,4,9,10,7,8,1,7,4,4
"251",251,1,7,6,4,3,4,8,1,4,4,2,2,4,9,9,7,8,1,7,3,4
"252",252,1,7,6,4,3,4,7,1,4,4,2,2,2,7,9,7,8,1,7,2,4
"253",253,0,3,5,4,3,4,6,1,4,4,1,2,2,6,9,7,8,0,7,1,4
"254",254,0,3,5,4,3,4,6,1,4,4,1,2,2,6,9,7,8,0,7,1,4
"255",255,0,3,5,4,2,2,5,1,4,3,1,1,2,6,8,6,7,0,7,1,3
"256",256,0,3,5,4,2,2,5,1,3,2,1,1,2,6,8,6,7,0,7,1,2.5
"257",257,0,3,5,4,1,2,4,1,2,1,1,1,2,6,8,6,7,0,7,1,2
"258",258,0,3,5,4,1,2,4,1,2,1,1,1,2,6,7,6,5,0,6,1,2
"259",259,0,3,5,4,1,2,3,1,2,0,1,1,2,6,7,5,5,0,5,1,2
"260",260,0,3,4,4,0,2,3,1,2,0,1,1,2,6,7,5,5,0,4,1,2
"261",261,0,3,4,4,0,2,1,1,2,0,1,1,2,6,7,5,5,0,4,1,2
"262",262,0,3,3,4,0,2,1,1,2,0,0,1,2,6,7,5,4,0,4,1,2
"263",263,0,3,3,3,0,2,1,1,2,0,0,1,1,6,6,5,3,0,3,1,1.5
"264",264,0,3,3,3,0,2,1,1,2,0,0,1,1,6,4,5,3,0,3,1,1.5
"265",265,0,3,3,3,0,2,1,1,2,0,0,1,1,5,4,3,3,0,3,1,1.5
"266",266,0,3,3,3,0,2,0,1,2,0,0,1,1,5,4,3,2,0,3,1,1.5
"267",267,0,2,3,2,0,1,0,1,2,0,0,1,1,5,4,3,1,0,3,1,1
"268",268,0,2,3,2,0,1,0,0,2,0,0,1,1,5,3,3,1,0,3,1,1
"269",269,0,2,3,2,0,1,0,0,1,0,0,1,1,5,3,3,1,0,3,1,1
"270",270,0,2,3,2,0,1,0,0,1,0,0,1,1,4,3,3,1,0,3,1,1
"271",271,0,2,3,2,0,1,0,0,1,0,0,1,1,4,3,2,1,0,3,1,1
"272",272,0,1,3,2,0,1,0,0,1,0,0,1,0,4,2,2,1,0,3,1,1
"273",273,0,1,3,2,0,1,0,0,1,0,0,0,0,4,2,2,1,0,2,1,1
"274",274,0,1,3,1,0,1,0,0,1,0,0,0,0,3,2,2,1,0,1,1,1
"275",275,0,1,3,1,0,1,0,0,1,0,0,0,0,2,2,2,1,0,1,1,1
"276",276,0,1,3,1,0,1,0,0,1,0,0,0,0,2,2,2,1,0,1,1,1
"277",277,0,1,3,1,0,1,0,0,1,0,0,0,0,2,2,2,1,0,1,1,1
"278",278,0,1,3,1,0,1,0,0,1,0,0,0,0,2,2,2,1,0,1,1,1
"279",279,0,1,3,1,0,1,0,0,1,0,0,0,0,2,2,2,1,0,0,1,0.5
"280",280,0,1,3,1,0,1,0,0,1,0,0,0,0,2,2,2,1,0,0,1,0.5
"281",281,0,1,3,1,0,1,0,0,1,0,0,0,0,2,2,2,1,0,0,1,0.5
"282",282,0,1,3,1,0,1,0,0,1,0,0,0,0,1,2,2,1,0,0,1,0.5
"283",283,0,1,2,1,0,1,0,0,1,0,0,0,0,1,2,2,1,0,0,1,0.5
"284",284,0,1,2,1,0,1,0,0,1,0,0,0,0,1,2,2,1,0,0,1,0.5
"285",285,0,1,2,1,0,1,0,0,1,0,0,0,0,1,1,1,1,0,0,1,0.5
"286",286,0,1,2,1,0,1,0,0,1,0,0,0,0,1,1,1,1,0,0,1,0.5
"287",287,0,1,2,1,0,1,0,0,1,0,0,0,0,1,1,1,1,0,0,1,0.5
"288",288,0,1,2,1,0,1,0,0,1,0,0,0,0,1,0,1,1,0,0,1,0
"289",289,0,0,2,0,0,0,0,0,1,0,0,0,0,1,0,1,1,0,0,1,0
"290",290,0,0,2,0,0,0,0,0,1,0,0,0,0,0,0,1,1,0,0,1,0
"291",291,0,0,2,0,0,0,0,0,1,0,0,0,0,0,0,1,1,0,0,1,0
"292",292,0,0,2,0,0,0,0,0,1,0,0,0,0,0,0,1,1,0,0,1,0
"293",293,0,0,2,0,0,0,0,0,1,0,0,0,0,0,0,1,1,0,0,1,0
"294",294,0,0,2,0,0,0,0,0,1,0,0,0,0,0,0,1,1,0,0,0,0
"295",295,0,0,2,0,0,0,0,0,0,0,0,0,0,0,0,0,1,0,0,0,0
"296",296,0,0,2,0,0,0,0,0,0,0,0,0,0,0,0,0,1,0,0,0,0
"297",297,0,0,2,0,0,0,0,0,0,0,0,0,0,0,0,0,1,0,0,0,0
"298",298,0,0,2,0,0,0,0,0,0,0,0,0,0,0,0,0,1,0,0,0,0
"299",299,0,0,1,0,0,0,0,0,0,0,0,0,0,0,0,0,1,0,0,0,0
"300",300,0,0,1,0,0,0,0,0,0,0,0,0,0,0,0,0,1,0,0,0,0
"301",301,0,0,1,0,0,0,0,0,0,0,0,0,0,0,0,0,0,0,0,0,0
"302",302,0,0,1,0,0,0,0,0,0,0,0,0,0,0,0,0,0,0,0,0,0
"303",303,0,0,1,0,0,0,0,0,0,0,0,0,0,0,0,0,0,0,0,0,0
"304",304,0,0,1,0,0,0,0,0,0,0,0,0,0,0,0,0,0,0,0,0,0
"305",305,0,0,1,0,0,0,0,0,0,0,0,0,0,0,0,0,0,0,0,0,0
"306",306,0,0,1,0,0,0,0,0,0,0,0,0,0,0,0,0,0,0,0,0,0
"307",307,0,0,1,0,0,0,0,0,0,0,0,0,0,0,0,0,0,0,0,0,0
"308",308,0,0,1,0,0,0,0,0,0,0,0,0,0,0,0,0,0,0,0,0,0
"309",309,0,0,1,0,0,0,0,0,0,0,0,0,0,0,0,0,0,0,0,0,0
"310",310,0,0,1,0,0,0,0,0,0,0,0,0,0,0,0,0,0,0,0,0,0
"311",311,0,0,1,0,0,0,0,0,0,0,0,0,0,0,0,0,0,0,0,0,0
"312",312,0,0,1,0,0,0,0,0,0,0,0,0,0,0,0,0,0,0,0,0,0
"313",313,0,0,0,0,0,0,0,0,0,0,0,0,0,0,0,0,0,0,0,0,0
"314",314,0,0,0,0,0,0,0,0,0,0,0,0,0,0,0,0,0,0,0,0,0
"315",315,0,0,0,0,0,0,0,0,0,0,0,0,0,0,0,0,0,0,0,0,0
"316",316,0,0,0,0,0,0,0,0,0,0,0,0,0,0,0,0,0,0,0,0,0
"317",317,0,0,0,0,0,0,0,0,0,0,0,0,0,0,0,0,0,0,0,0,0
"318",318,0,0,0,0,0,0,0,0,0,0,0,0,0,0,0,0,0,0,0,0,0
"319",319,0,0,0,0,0,0,0,0,0,0,0,0,0,0,0,0,0,0,0,0,0
"320",320,0,0,0,0,0,0,0,0,0,0,0,0,0,0,0,0,0,0,0,0,0
"321",321,0,0,0,0,0,0,0,0,0,0,0,0,0,0,0,0,0,0,0,0,0
"322",322,0,0,0,0,0,0,0,0,0,0,0,0,0,0,0,0,0,0,0,0,0
"323",323,0,0,0,0,0,0,0,0,0,0,0,0,0,0,0,0,0,0,0,0,0
"324",324,0,0,0,0,0,0,0,0,0,0,0,0,0,0,0,0,0,0,0,0,0
"325",325,0,0,0,0,0,0,0,0,0,0,0,0,0,0,0,0,0,0,0,0,0
"326",326,0,0,0,0,0,0,0,0,0,0,0,0,0,0,0,0,0,0,0,0,0
"327",327,0,0,0,0,0,0,0,0,0,0,0,0,0,0,0,0,0,0,0,0,0
"328",328,0,0,0,0,0,0,0,0,0,0,0,0,0,0,0,0,0,0,0,0,0
"329",329,0,0,0,0,0,0,0,0,0,0,0,0,0,0,0,0,0,0,0,0,0
"330",330,0,0,0,0,0,0,0,0,0,0,0,0,0,0,0,0,0,0,0,0,0
"331",331,0,0,0,0,0,0,0,0,0,0,0,0,0,0,0,0,0,0,0,0,0
"332",332,0,0,0,0,0,0,0,0,0,0,0,0,0,0,0,0,0,0,0,0,0
"333",333,0,0,0,0,0,0,0,0,0,0,0,0,0,0,0,0,0,0,0,0,0
"334",334,0,0,0,0,0,0,0,0,0,0,0,0,0,0,0,0,0,0,0,0,0
"335",335,0,0,0,0,0,0,0,0,0,0,0,0,0,0,0,0,0,0,0,0,0
"336",336,0,0,0,0,0,0,0,0,0,0,0,0,0,0,0,0,0,0,0,0,0
"337",337,0,0,0,0,0,0,0,0,0,0,0,0,0,0,0,0,0,0,0,0,0
"338",338,0,0,0,0,0,0,0,0,0,0,0,0,0,0,0,0,0,0,0,0,0
"339",339,0,0,0,0,0,0,0,0,0,0,0,0,0,0,0,0,0,0,0,0,0
"340",340,0,0,0,0,0,0,0,0,0,0,0,0,0,0,0,0,0,0,0,0,0
"341",341,0,0,0,0,0,0,0,0,0,0,0,0,0,0,0,0,0,0,0,0,0
"342",342,0,0,0,0,0,0,0,0,0,0,0,0,0,0,0,0,0,0,0,0,0
"343",343,0,0,0,0,0,0,0,0,0,0,0,0,0,0,0,0,0,0,0,0,0
"344",344,0,0,0,0,0,0,0,0,0,0,0,0,0,0,0,0,0,0,0,0,0
"345",345,0,0,0,0,0,0,0,0,0,0,0,0,0,0,0,0,0,0,0,0,0
"346",346,0,0,0,0,0,0,0,0,0,0,0,0,0,0,0,0,0,0,0,0,0
"347",347,0,0,0,0,0,0,0,0,0,0,0,0,0,0,0,0,0,0,0,0,0
"348",348,0,0,0,0,0,0,0,0,0,0,0,0,0,0,0,0,0,0,0,0,0
"349",349,0,0,0,0,0,0,0,0,0,0,0,0,0,0,0,0,0,0,0,0,0
"350",350,0,0,0,0,0,0,0,0,0,0,0,0,0,0,0,0,0,0,0,0,0
"351",351,0,0,0,0,0,0,0,0,0,0,0,0,0,0,0,0,0,0,0,0,0
"352",352,0,0,0,0,0,0,0,0,0,0,0,0,0,0,0,0,0,0,0,0,0
"353",353,0,0,0,0,0,0,0,0,0,0,0,0,0,0,0,0,0,0,0,0,0
"354",354,0,0,0,0,0,0,0,0,0,0,0,0,0,0,0,0,0,0,0,0,0
"355",355,0,0,0,0,0,0,0,0,0,0,0,0,0,0,0,0,0,0,0,0,0
"356",356,0,0,0,0,0,0,0,0,0,0,0,0,0,0,0,0,0,0,0,0,0
"357",357,0,0,0,0,0,0,0,0,0,0,0,0,0,0,0,0,0,0,0,0,0
"358",358,0,0,0,0,0,0,0,0,0,0,0,0,0,0,0,0,0,0,0,0,0
"359",359,0,0,0,0,0,0,0,0,0,0,0,0,0,0,0,0,0,0,0,0,0
"360",360,0,0,0,0,0,0,0,0,0,0,0,0,0,0,0,0,0,0,0,0,0
"361",361,0,0,0,0,0,0,0,0,0,0,0,0,0,0,0,0,0,0,0,0,0
"362",362,0,0,0,0,0,0,0,0,0,0,0,0,0,0,0,0,0,0,0,0,0
"363",363,0,0,0,0,0,0,0,0,0,0,0,0,0,0,0,0,0,0,0,0,0
"364",364,0,0,0,0,0,0,0,0,0,0,0,0,0,0,0,0,0,0,0,0,0
"365",365,0,0,0,0,0,0,0,0,0,0,0,0,0,0,0,0,0,0,0,0,0
"366",366,0,0,0,0,0,0,0,0,0,0,0,0,0,0,0,0,0,0,0,0,0
"367",367,0,0,0,0,0,0,0,0,0,0,0,0,0,0,0,0,0,0,0,0,0
"368",368,0,0,0,0,0,0,0,0,0,0,0,0,0,0,0,0,0,0,0,0,0
"369",369,0,0,0,0,0,0,0,0,0,0,0,0,0,0,0,0,0,0,0,0,0
"370",370,0,0,0,0,0,0,0,0,0,0,0,0,0,0,0,0,0,0,0,0,0
"371",371,0,0,0,0,0,0,0,0,0,0,0,0,0,0,0,0,0,0,0,0,0
"372",372,0,0,0,0,0,0,0,0,0,0,0,0,0,0,0,0,0,0,0,0,0
"373",373,0,0,0,0,0,0,0,0,0,0,0,0,0,0,0,0,0,0,0,0,0
"374",374,0,0,0,0,0,0,0,0,0,0,0,0,0,0,0,0,0,0,0,0,0
"375",375,0,0,0,0,0,0,0,0,0,0,0,0,0,0,0,0,0,0,0,0,0
"376",376,0,0,0,0,0,0,0,0,0,0,0,0,0,0,0,0,0,0,0,0,0
"377",377,0,0,0,0,0,0,0,0,0,0,0,0,0,0,0,0,0,0,0,0,0
"378",378,0,0,0,0,0,0,0,0,0,0,0,0,0,0,0,0,0,0,0,0,0
"379",379,0,0,0,0,0,0,0,0,0,0,0,0,0,0,0,0,0,0,0,0,0
"380",380,0,0,0,0,0,0,0,0,0,0,0,0,0,0,0,0,0,0,0,0,0
"381",381,0,0,0,0,0,0,0,0,0,0,0,0,0,0,0,0,0,0,0,0,0
"382",382,0,0,0,0,0,0,0,0,0,0,0,0,0,0,0,0,0,0,0,0,0
"383",383,0,0,0,0,0,0,0,0,0,0,0,0,0,0,0,0,0,0,0,0,0
"384",384,0,0,0,0,0,0,0,0,0,0,0,0,0,0,0,0,0,0,0,0,0
"385",385,0,0,0,0,0,0,0,0,0,0,0,0,0,0,0,0,0,0,0,0,0
"386",386,0,0,0,0,0,0,0,0,0,0,0,0,0,0,0,0,0,0,0,0,0
"387",387,0,0,0,0,0,0,0,0,0,0,0,0,0,0,0,0,0,0,0,0,0
"388",388,0,0,0,0,0,0,0,0,0,0,0,0,0,0,0,0,0,0,0,0,0
"389",389,0,0,0,0,0,0,0,0,0,0,0,0,0,0,0,0,0,0,0,0,0
"390",390,0,0,0,0,0,0,0,0,0,0,0,0,0,0,0,0,0,0,0,0,0
"391",391,0,0,0,0,0,0,0,0,0,0,0,0,0,0,0,0,0,0,0,0,0
"392",392,0,0,0,0,0,0,0,0,0,0,0,0,0,0,0,0,0,0,0,0,0
"393",393,0,0,0,0,0,0,0,0,0,0,0,0,0,0,0,0,0,0,0,0,0
"394",394,0,0,0,0,0,0,0,0,0,0,0,0,0,0,0,0,0,0,0,0,0
"395",395,0,0,0,0,0,0,0,0,0,0,0,0,0,0,0,0,0,0,0,0,0
"396",396,0,0,0,0,0,0,0,0,0,0,0,0,0,0,0,0,0,0,0,0,0
"397",397,0,0,0,0,0,0,0,0,0,0,0,0,0,0,0,0,0,0,0,0,0
"398",398,0,0,0,0,0,0,0,0,0,0,0,0,0,0,0,0,0,0,0,0,0
"399",399,0,0,0,0,0,0,0,0,0,0,0,0,0,0,0,0,0,0,0,0,0
"400",400,0,0,0,0,0,0,0,0,0,0,0,0,0,0,0,0,0,0,0,0,0
"401",401,0,0,0,0,0,0,0,0,0,0,0,0,0,0,0,0,0,0,0,0,0
"402",402,0,0,0,0,0,0,0,0,0,0,0,0,0,0,0,0,0,0,0,0,0
"403",403,0,0,0,0,0,0,0,0,0,0,0,0,0,0,0,0,0,0,0,0,0
"404",404,0,0,0,0,0,0,0,0,0,0,0,0,0,0,0,0,0,0,0,0,0
"405",405,0,0,0,0,0,0,0,0,0,0,0,0,0,0,0,0,0,0,0,0,0
"406",406,0,0,0,0,0,0,0,0,0,0,0,0,0,0,0,0,0,0,0,0,0
"407",407,0,0,0,0,0,0,0,0,0,0,0,0,0,0,0,0,0,0,0,0,0
"408",408,0,0,0,0,0,0,0,0,0,0,0,0,0,0,0,0,0,0,0,0,0
"409",409,0,0,0,0,0,0,0,0,0,0,0,0,0,0,0,0,0,0,0,0,0
"410",410,0,0,0,0,0,0,0,0,0,0,0,0,0,0,0,0,0,0,0,0,0
"411",411,0,0,0,0,0,0,0,0,0,0,0,0,0,0,0,0,0,0,0,0,0
"412",412,0,0,0,0,0,0,0,0,0,0,0,0,0,0,0,0,0,0,0,0,0
"413",413,0,0,0,0,0,0,0,0,0,0,0,0,0,0,0,0,0,0,0,0,0
"414",414,0,0,0,0,0,0,0,0,0,0,0,0,0,0,0,0,0,0,0,0,0
"415",415,0,0,0,0,0,0,0,0,0,0,0,0,0,0,0,0,0,0,0,0,0
"416",416,0,0,0,0,0,0,0,0,0,0,0,0,0,0,0,0,0,0,0,0,0
"417",417,0,0,0,0,0,0,0,0,0,0,0,0,0,0,0,0,0,0,0,0,0
"418",418,0,0,0,0,0,0,0,0,0,0,0,0,0,0,0,0,0,0,0,0,0
"419",419,0,0,0,0,0,0,0,0,0,0,0,0,0,0,0,0,0,0,0,0,0
"420",420,0,0,0,0,0,0,0,0,0,0,0,0,0,0,0,0,0,0,0,0,0
"421",421,0,0,0,0,0,0,0,0,0,0,0,0,0,0,0,0,0,0,0,0,0
"422",422,0,0,0,0,0,0,0,0,0,0,0,0,0,0,0,0,0,0,0,0,0
"423",423,0,0,0,0,0,0,0,0,0,0,0,0,0,0,0,0,0,0,0,0,0
"424",424,0,0,0,0,0,0,0,0,0,0,0,0,0,0,0,0,0,0,0,0,0
"425",425,0,0,0,0,0,0,0,0,0,0,0,0,0,0,0,0,0,0,0,0,0
"426",426,0,0,0,0,0,0,0,0,0,0,0,0,0,0,0,0,0,0,0,0,0
"427",427,0,0,0,0,0,0,0,0,0,0,0,0,0,0,0,0,0,0,0,0,0
"428",428,0,0,0,0,0,0,0,0,0,0,0,0,0,0,0,0,0,0,0,0,0
"429",429,0,0,0,0,0,0,0,0,0,0,0,0,0,0,0,0,0,0,0,0,0
"430",430,0,0,0,0,0,0,0,0,0,0,0,0,0,0,0,0,0,0,0,0,0
"431",431,0,0,0,0,0,0,0,0,0,0,0,0,0,0,0,0,0,0,0,0,0
"432",432,0,0,0,0,0,0,0,0,0,0,0,0,0,0,0,0,0,0,0,0,0
"433",433,0,0,0,0,0,0,0,0,0,0,0,0,0,0,0,0,0,0,0,0,0
"434",434,0,0,0,0,0,0,0,0,0,0,0,0,0,0,0,0,0,0,0,0,0
"435",435,0,0,0,0,0,0,0,0,0,0,0,0,0,0,0,0,0,0,0,0,0
"436",436,0,0,0,0,0,0,0,0,0,0,0,0,0,0,0,0,0,0,0,0,0
"437",437,0,0,0,0,0,0,0,0,0,0,0,0,0,0,0,0,0,0,0,0,0
"438",438,0,0,0,0,0,0,0,0,0,0,0,0,0,0,0,0,0,0,0,0,0
"439",439,0,0,0,0,0,0,0,0,0,0,0,0,0,0,0,0,0,0,0,0,0
"440",440,0,0,0,0,0,0,0,0,0,0,0,0,0,0,0,0,0,0,0,0,0
"441",441,0,0,0,0,0,0,0,0,0,0,0,0,0,0,0,0,0,0,0,0,0
"442",442,0,0,0,0,0,0,0,0,0,0,0,0,0,0,0,0,0,0,0,0,0
"443",443,0,0,0,0,0,0,0,0,0,0,0,0,0,0,0,0,0,0,0,0,0
"444",444,0,0,0,0,0,0,0,0,0,0,0,0,0,0,0,0,0,0,0,0,0
"445",445,0,0,0,0,0,0,0,0,0,0,0,0,0,0,0,0,0,0,0,0,0
"446",446,0,0,0,0,0,0,0,0,0,0,0,0,0,0,0,0,0,0,0,0,0
"447",447,0,0,0,0,0,0,0,0,0,0,0,0,0,0,0,0,0,0,0,0,0
"448",448,0,0,0,0,0,0,0,0,0,0,0,0,0,0,0,0,0,0,0,0,0
"449",449,0,0,0,0,0,0,0,0,0,0,0,0,0,0,0,0,0,0,0,0,0
"450",450,0,0,0,0,0,0,0,0,0,0,0,0,0,0,0,0,0,0,0,0,0
"451",451,0,0,0,0,0,0,0,0,0,0,0,0,0,0,0,0,0,0,0,0,0
"452",452,0,0,0,0,0,0,0,0,0,0,0,0,0,0,0,0,0,0,0,0,0
"453",453,0,0,0,0,0,0,0,0,0,0,0,0,0,0,0,0,0,0,0,0,0
"454",454,0,0,0,0,0,0,0,0,0,0,0,0,0,0,0,0,0,0,0,0,0
"455",455,0,0,0,0,0,0,0,0,0,0,0,0,0,0,0,0,0,0,0,0,0
"456",456,0,0,0,0,0,0,0,0,0,0,0,0,0,0,0,0,0,0,0,0,0
"457",457,0,0,0,0,0,0,0,0,0,0,0,0,0,0,0,0,0,0,0,0,0
"458",458,0,0,0,0,0,0,0,0,0,0,0,0,0,0,0,0,0,0,0,0,0
"459",459,0,0,0,0,0,0,0,0,0,0,0,0,0,0,0,0,0,0,0,0,0
"460",460,0,0,0,0,0,0,0,0,0,0,0,0,0,0,0,0,0,0,0,0,0
"461",461,0,0,0,0,0,0,0,0,0,0,0,0,0,0,0,0,0,0,0,0,0
"462",462,0,0,0,0,0,0,0,0,0,0,0,0,0,0,0,0,0,0,0,0,0
"463",463,0,0,0,0,0,0,0,0,0,0,0,0,0,0,0,0,0,0,0,0,0
"464",464,0,0,0,0,0,0,0,0,0,0,0,0,0,0,0,0,0,0,0,0,0
"465",465,0,0,0,0,0,0,0,0,0,0,0,0,0,0,0,0,0,0,0,0,0
"466",466,0,0,0,0,0,0,0,0,0,0,0,0,0,0,0,0,0,0,0,0,0
"467",467,0,0,0,0,0,0,0,0,0,0,0,0,0,0,0,0,0,0,0,0,0
"468",468,0,0,0,0,0,0,0,0,0,0,0,0,0,0,0,0,0,0,0,0,0
"469",469,0,0,0,0,0,0,0,0,0,0,0,0,0,0,0,0,0,0,0,0,0
"470",470,0,0,0,0,0,0,0,0,0,0,0,0,0,0,0,0,0,0,0,0,0
"471",471,0,0,0,0,0,0,0,0,0,0,0,0,0,0,0,0,0,0,0,0,0
"472",472,0,0,0,0,0,0,0,0,0,0,0,0,0,0,0,0,0,0,0,0,0
"473",473,0,0,0,0,0,0,0,0,0,0,0,0,0,0,0,0,0,0,0,0,0
"474",474,0,0,0,0,0,0,0,0,0,0,0,0,0,0,0,0,0,0,0,0,0
"475",475,0,0,0,0,0,0,0,0,0,0,0,0,0,0,0,0,0,0,0,0,0
"476",476,0,0,0,0,0,0,0,0,0,0,0,0,0,0,0,0,0,0,0,0,0
"477",477,0,0,0,0,0,0,0,0,0,0,0,0,0,0,0,0,0,0,0,0,0
"478",478,0,0,0,0,0,0,0,0,0,0,0,0,0,0,0,0,0,0,0,0,0
"479",479,0,0,0,0,0,0,0,0,0,0,0,0,0,0,0,0,0,0,0,0,0
"480",480,0,0,0,0,0,0,0,0,0,0,0,0,0,0,0,0,0,0,0,0,0
"481",481,0,0,0,0,0,0,0,0,0,0,0,0,0,0,0,0,0,0,0,0,0
"482",482,0,0,0,0,0,0,0,0,0,0,0,0,0,0,0,0,0,0,0,0,0
"483",483,0,0,0,0,0,0,0,0,0,0,0,0,0,0,0,0,0,0,0,0,0
"484",484,0,0,0,0,0,0,0,0,0,0,0,0,0,0,0,0,0,0,0,0,0
"485",485,0,0,0,0,0,0,0,0,0,0,0,0,0,0,0,0,0,0,0,0,0
"486",486,0,0,0,0,0,0,0,0,0,0,0,0,0,0,0,0,0,0,0,0,0
"487",487,0,0,0,0,0,0,0,0,0,0,0,0,0,0,0,0,0,0,0,0,0
"488",488,0,0,0,0,0,0,0,0,0,0,0,0,0,0,0,0,0,0,0,0,0
"489",489,0,0,0,0,0,0,0,0,0,0,0,0,0,0,0,0,0,0,0,0,0
"490",490,0,0,0,0,0,0,0,0,0,0,0,0,0,0,0,0,0,0,0,0,0
"491",491,0,0,0,0,0,0,0,0,0,0,0,0,0,0,0,0,0,0,0,0,0
"492",492,0,0,0,0,0,0,0,0,0,0,0,0,0,0,0,0,0,0,0,0,0
"493",493,0,0,0,0,0,0,0,0,0,0,0,0,0,0,0,0,0,0,0,0,0
"494",494,0,0,0,0,0,0,0,0,0,0,0,0,0,0,0,0,0,0,0,0,0
"495",495,0,0,0,0,0,0,0,0,0,0,0,0,0,0,0,0,0,0,0,0,0
"496",496,0,0,0,0,0,0,0,0,0,0,0,0,0,0,0,0,0,0,0,0,0
"497",497,0,0,0,0,0,0,0,0,0,0,0,0,0,0,0,0,0,0,0,0,0
"498",498,0,0,0,0,0,0,0,0,0,0,0,0,0,0,0,0,0,0,0,0,0
"499",499,0,0,0,0,0,0,0,0,0,0,0,0,0,0,0,0,0,0,0,0,0
"500",500,0,0,0,0,0,0,0,0,0,0,0,0,0,0,0,0,0,0,0,0,0
"501",501,0,0,0,0,0,0,0,0,0,0,0,0,0,0,0,0,0,0,0,0,0
"502",502,0,0,0,0,0,0,0,0,0,0,0,0,0,0,0,0,0,0,0,0,0
"503",503,0,0,0,0,0,0,0,0,0,0,0,0,0,0,0,0,0,0,0,0,0
"504",504,0,0,0,0,0,0,0,0,0,0,0,0,0,0,0,0,0,0,0,0,0
"505",505,0,0,0,0,0,0,0,0,0,0,0,0,0,0,0,0,0,0,0,0,0
"506",506,0,0,0,0,0,0,0,0,0,0,0,0,0,0,0,0,0,0,0,0,0
"507",507,0,0,0,0,0,0,0,0,0,0,0,0,0,0,0,0,0,0,0,0,0
"508",508,0,0,0,0,0,0,0,0,0,0,0,0,0,0,0,0,0,0,0,0,0
"509",509,0,0,0,0,0,0,0,0,0,0,0,0,0,0,0,0,0,0,0,0,0
"510",510,0,0,0,0,0,0,0,0,0,0,0,0,0,0,0,0,0,0,0,0,0
"511",511,0,0,0,0,0,0,0,0,0,0,0,0,0,0,0,0,0,0,0,0,0
"512",512,0,0,0,0,0,0,0,0,0,0,0,0,0,0,0,0,0,0,0,0,0
"513",513,0,0,0,0,0,0,0,0,0,0,0,0,0,0,0,0,0,0,0,0,0
"514",514,0,0,0,0,0,0,0,0,0,0,0,0,0,0,0,0,0,0,0,0,0
"515",515,0,0,0,0,0,0,0,0,0,0,0,0,0,0,0,0,0,0,0,0,0
"516",516,0,0,0,0,0,0,0,0,0,0,0,0,0,0,0,0,0,0,0,0,0
"517",517,0,0,0,0,0,0,0,0,0,0,0,0,0,0,0,0,0,0,0,0,0
"518",518,0,0,0,0,0,0,0,0,0,0,0,0,0,0,0,0,0,0,0,0,0
"519",519,0,0,0,0,0,0,0,0,0,0,0,0,0,0,0,0,0,0,0,0,0
"520",520,0,0,0,0,0,0,0,0,0,0,0,0,0,0,0,0,0,0,0,0,0
"521",521,0,0,0,0,0,0,0,0,0,0,0,0,0,0,0,0,0,0,0,0,0
"522",522,0,0,0,0,0,0,0,0,0,0,0,0,0,0,0,0,0,0,0,0,0
"523",523,0,0,0,0,0,0,0,0,0,0,0,0,0,0,0,0,0,0,0,0,0
"524",524,0,0,0,0,0,0,0,0,0,0,0,0,0,0,0,0,0,0,0,0,0
"525",525,0,0,0,0,0,0,0,0,0,0,0,0,0,0,0,0,0,0,0,0,0
"526",526,0,0,0,0,0,0,0,0,0,0,0,0,0,0,0,0,0,0,0,0,0
"527",527,0,0,0,0,0,0,0,0,0,0,0,0,0,0,0,0,0,0,0,0,0
"528",528,0,0,0,0,0,0,0,0,0,0,0,0,0,0,0,0,0,0,0,0,0
"529",529,0,0,0,0,0,0,0,0,0,0,0,0,0,0,0,0,0,0,0,0,0
"530",530,0,0,0,0,0,0,0,0,0,0,0,0,0,0,0,0,0,0,0,0,0
"531",531,0,0,0,0,0,0,0,0,0,0,0,0,0,0,0,0,0,0,0,0,0
"532",532,0,0,0,0,0,0,0,0,0,0,0,0,0,0,0,0,0,0,0,0,0
"533",533,0,0,0,0,0,0,0,0,0,0,0,0,0,0,0,0,0,0,0,0,0
"534",534,0,0,0,0,0,0,0,0,0,0,0,0,0,0,0,0,0,0,0,0,0
"535",535,0,0,0,0,0,0,0,0,0,0,0,0,0,0,0,0,0,0,0,0,0
"536",536,0,0,0,0,0,0,0,0,0,0,0,0,0,0,0,0,0,0,0,0,0
"537",537,0,0,0,0,0,0,0,0,0,0,0,0,0,0,0,0,0,0,0,0,0
"538",538,0,0,0,0,0,0,0,0,0,0,0,0,0,0,0,0,0,0,0,0,0
"539",539,0,0,0,0,0,0,0,0,0,0,0,0,0,0,0,0,0,0,0,0,0
"540",540,0,0,0,0,0,0,0,0,0,0,0,0,0,0,0,0,0,0,0,0,0
"541",541,0,0,0,0,0,0,0,0,0,0,0,0,0,0,0,0,0,0,0,0,0
"542",542,0,0,0,0,0,0,0,0,0,0,0,0,0,0,0,0,0,0,0,0,0
"543",543,0,0,0,0,0,0,0,0,0,0,0,0,0,0,0,0,0,0,0,0,0
"544",544,0,0,0,0,0,0,0,0,0,0,0,0,0,0,0,0,0,0,0,0,0
"545",545,0,0,0,0,0,0,0,0,0,0,0,0,0,0,0,0,0,0,0,0,0
"546",546,0,0,0,0,0,0,0,0,0,0,0,0,0,0,0,0,0,0,0,0,0
"547",547,0,0,0,0,0,0,0,0,0,0,0,0,0,0,0,0,0,0,0,0,0
"548",548,0,0,0,0,0,0,0,0,0,0,0,0,0,0,0,0,0,0,0,0,0
"549",549,0,0,0,0,0,0,0,0,0,0,0,0,0,0,0,0,0,0,0,0,0
"550",550,0,0,0,0,0,0,0,0,0,0,0,0,0,0,0,0,0,0,0,0,0
